{
    "mapping": {
        "Zona Centro": [
            "Centro",
            "Consolação",
            "República",
            "Bom Retiro",
            "Brás",
            "Cambuci",
            "Pari",
            "Santa Cecília",
            "Sé",
            "Tatuapé"
        ],
        "Zona Sul": [
            "Aclimação",
            "Bela Vista",
            "Cambuci",
            "Consolação",
            "Imirim",
            "Ipiranga",
            "Jabaquara",
            "Jardim Paulista",
            "Parque Jabaquara",
            "Vila Andrade",
            "Vila Guarani",
            "Vila Monte Alegre",
            "Vila Pita",
            "Vila Sônia",
            "Vila Santa Catarina",
            "Macedo",
            "Santo Amaro",
            "Saúde",
            "Cursino",
            "Congonhas"
        ],
        "Zona Norte": [
            "Barra Funda",
            "Brasilândia",
            "Cachoeirinha",
            "Casa Verde",
            "Freguesia do Ó",
            "Horto Florestal",
            "Jaçanã",
            "Jaraguá",
            "Perus",
            "Pirituba",
            "São Domingos",
            "Tremembé",
            "Tucuruvi",
            "Vila Curuçá",
            "Vila Gilda",
            "Vila Guilherme",
            "Vila Mariana",
            "Vila Medeiros",
            "Vila Nova Cachoeirinha"
        ],
        "Zona Leste": [
            "Água Rasa",
            "Anália Franco",
            "Artur Alvim",
            "Belém",
            "Brás",
            "Carrão",
            "Cidade Patriarca",
            "Ciguera",
            "Ermelino Matarazzo",
            "Guaianazes",
            "Itaquera",
            "Jardim Iguatemi",
            "Jardim Oriental",
            "Jardim Vila Formosa",
            "Lajeado",
            "Maia",
            "Moóca",
            "Parque Dória",
            "Penha",
            "Ponte Rasa",
            "Sapopemba",
            "São Lucas",
            "São Mateus",
            "Tatuapé",
            "Terra da Esperança",
            "Parque Marajoara",
            "Vila Carbone",
            "Vila Curuçá",
            "Vila Futura",
            "Vila Matilde",
            "Vila Ré"
        ],
        "Zona Oeste": [
            "Alto da Lapa",
            "Alto de Pinheiros",
            "Anhanguera",
            "Bairro da Esperança",
            "Bom Retiro",
            "Butantã",
            "Cotia",
            "Jaguaré",
            "Jardim Paulista",
            "Lapa",
            "Perdizes",
            "Pinheiros",
            "Pompéia",
            "Raposo Tavares",
            "Santo Amaro",
            "São Conrado",
            "Vila Leopoldina",
            "Vila Mariana",
            "Vila Madalena",
            "Vila Sônia",
            "Jaguaré",
            "Morumbi",
            "Rio Pequeno",
            "Previdência",
            "Vila Mineira"
        ]
    },
    "normalization": {
        "vila guarani (z sul)": "Vila Guarani",
        "vila guarani (zona sul)": "Vila Guarani",
        "vila guarani (zona sul)": "Vila Guarani",
        "vila guaran": "Vila Guarani",
        "consolação": "Consolação",
        "bela vista": "Bela Vista",
        "jardim oriental": "Jardim Oriental",
        "jabaquara": "Jabaquara",
        "vila monte alegre": "Vila Monte Alegre",
        "tatuapé": "Tatuapé",
        "parque jabaquara": "Parque Jabaquara",
        "vila pita": "Vila Pita",
        "vila sônia": "Vila Sônia",
        "vila santa catarina": "Vila Santa Catarina",
        "vila andrade": "Vila Andrade",
        "jardim vila formosa": "Jardim Vila Formosa",
        "maranhão": "Maranhão",
        "cidade antônio estêvão": "Cidade Antônio Estêvão",
        "conjunto residencial i": "Conjunto Residencial I"
    }
}